Adjetivo,Freq_Dependencia,Freq_Ventana,Diferencia_Abs,Ratio_Ventana/Dependencia,Porcentaje_Dependencia,Porcentaje_Ventana
español,419,493,74,1.18,10.02,5.24
popular,210,293,83,1.40,5.02,3.11
moderno,199,237,38,1.19,4.76,2.52
francés,170,200,30,1.18,4.07,2.12
ligero,123,139,16,1.13,2.94,1.48
contemporáneo,123,128,5,1.04,2.94,1.36
nuevo,78,164,86,2.10,1.87,1.74
actual,101,126,25,1.25,2.42,1.34
ruso,84,105,21,1.25,2.01,1.12
sinfónico,78,104,26,1.33,1.87,1.10
instrumental,82,96,14,1.17,1.96,1.02
gran,19,150,131,7.89,0.45,1.59
clásico,55,79,24,1.44,1.32,0.84
religioso,56,76,20,1.36,1.34,0.81
buen,39,86,47,2.21,0.93,0.91
nacional,41,64,23,1.56,0.98,0.68
teatral,40,64,24,1.60,0.96,0.68
viejo,37,59,22,1.59,0.88,0.63
puro,37,59,22,1.59,0.88,0.63
primero,3,92,89,30.67,0.07,0.98
romántico,31,60,29,1.94,0.74,0.64
negro,41,49,8,1.20,0.98,0.52
variado,38,52,14,1.37,0.91,0.55
lleno,26,63,37,2.42,0.62,0.67
antiguo,37,52,15,1.41,0.88,0.55
joven,30,53,23,1.77,0.72,0.56
europeo,34,46,12,1.35,0.81,0.49
fácil,33,47,14,1.42,0.79,0.50
bello,28,51,23,1.82,0.67,0.54
mejor,17,54,37,3.18,0.41,0.57
alto,9,61,52,6.78,0.22,0.65
natural,28,40,12,1.43,0.67,0.42
vocal,31,35,4,1.13,0.74,0.37
dramático,22,43,21,1.95,0.53,0.46
rico,14,50,36,3.57,0.33,0.53
admirable,17,41,24,2.41,0.41,0.44
oficial,13,43,30,3.31,0.31,0.46
orquestal,20,34,14,1.70,0.48,0.36
último,1,52,51,52.00,0.02,0.55
extranjero,14,38,24,2.71,0.33,0.40
escrito,18,33,15,1.83,0.43,0.35
deliciós,21,29,8,1.38,0.50,0.31
italiano,18,31,13,1.72,0.43,0.33
fino,16,31,15,1.94,0.38,0.33
americano,20,27,7,1.35,0.48,0.29
alemán,18,28,10,1.56,0.43,0.30
dedicado,4,41,37,10.25,0.10,0.44
musical,2,43,41,21.50,0.05,0.46
general,3,41,38,13.67,0.07,0.44
andaluz,19,24,5,1.26,0.45,0.25
mayor,0,43,43,inf,0.00,0.46
alegre,14,27,13,1.93,0.33,0.29
selecto,18,22,4,1.22,0.43,0.23
grande,4,35,31,8.75,0.10,0.37
exótico,10,29,19,2.90,0.24,0.31
característico,3,35,32,11.67,0.07,0.37
inspirado,6,31,25,5.17,0.14,0.33
conocido,9,27,18,3.00,0.22,0.29
serio,16,20,4,1.25,0.38,0.21
claro,12,24,12,2.00,0.29,0.25
suave,12,23,11,1.92,0.29,0.24
interpretado,15,20,5,1.33,0.36,0.21
principal,0,33,33,inf,0.00,0.35
flamenco,7,26,19,3.71,0.17,0.28
notable,3,29,26,9.67,0.07,0.31
concertado,16,16,0,1.00,0.38,0.17
pianístico,14,18,4,1.29,0.33,0.19
mismo,5,26,21,5.20,0.12,0.28
gracioso,10,21,11,2.10,0.24,0.22
agradable,11,20,9,1.82,0.26,0.21
original,7,24,17,3.43,0.17,0.25
verdadero,6,24,18,4.00,0.14,0.25
típico,3,27,24,9.00,0.07,0.29
anterior,10,20,10,2.00,0.24,0.21
hecho,10,20,10,2.00,0.24,0.21
vasco,11,18,7,1.64,0.26,0.19
oriental,8,21,13,2.62,0.19,0.22
pintoresco,5,24,19,4.80,0.12,0.25
llamado,8,21,13,2.62,0.19,0.22
propio,4,24,20,6.00,0.10,0.25
poético,8,20,12,2.50,0.19,0.21
fresco,7,20,13,2.86,0.17,0.21
madrileño,3,23,20,7.67,0.07,0.24
perfecto,2,24,22,12.00,0.05,0.25
famoso,1,25,24,25.00,0.02,0.27
segundo,0,26,26,inf,0.00,0.28
catalán,12,13,1,1.08,0.29,0.14
bailable,12,13,1,1.08,0.29,0.14
polifónico,13,12,-1,0.92,0.31,0.13
inglés,9,16,7,1.78,0.22,0.17
delicado,6,19,13,3.17,0.14,0.20
regional,11,14,3,1.27,0.26,0.15
coral,12,13,1,1.08,0.29,0.14
fuerte,3,22,19,7.33,0.07,0.23
escénico,9,15,6,1.67,0.22,0.16
nacionalista,7,16,9,2.29,0.17,0.17
concebido,7,16,9,2.29,0.17,0.17
pequeño,2,21,19,10.50,0.05,0.22
especial,3,20,17,6.67,0.07,0.21
universal,7,15,8,2.14,0.17,0.16
importante,1,21,20,21.00,0.02,0.22
profundo,0,22,22,inf,0.00,0.23
profano,10,12,2,1.20,0.24,0.13
acompañado,3,18,15,6.00,0.07,0.19
vivo,5,16,11,3.20,0.12,0.17
norteamericano,8,13,5,1.62,0.19,0.14
basado,2,19,17,9.50,0.05,0.20
semejante,3,18,15,6.00,0.07,0.19
pasado,2,19,17,9.50,0.05,0.20
mozartián,10,10,0,1.00,0.24,0.11
elegante,9,11,2,1.22,0.22,0.12
transmitido,6,14,8,2.33,0.14,0.15
titulado,2,18,16,9.00,0.05,0.19
gramofónico,9,11,2,1.22,0.22,0.12
wagnerián,10,10,0,1.00,0.24,0.11
interesante,1,19,18,19.00,0.02,0.20
peculiar,2,17,15,8.50,0.05,0.18
entero,4,15,11,3.75,0.10,0.16
noruego,8,11,3,1.38,0.19,0.12
sencillo,8,11,3,1.38,0.19,0.12
libre,5,14,9,2.80,0.12,0.15
hispanoamericán,9,10,1,1.11,0.22,0.11
tradicional,6,12,6,2.00,0.14,0.13
dicho,4,14,10,3.50,0.10,0.15
frívolo,8,10,2,1.25,0.19,0.11
occidental,7,11,4,1.57,0.17,0.12
deportivo,0,18,18,inf,0.00,0.19
indígén,9,9,0,1.00,0.22,0.10
germánico,9,9,0,1.00,0.22,0.10
dirigido,3,14,11,4.67,0.07,0.15
disfrazado,7,10,3,1.43,0.17,0.11
único,4,13,9,3.25,0.10,0.14
chispeante,7,10,3,1.43,0.17,0.11
simple,5,12,7,2.40,0.12,0.13
compuesto,5,12,7,2.40,0.12,0.13
magnífico,3,14,11,4.67,0.07,0.15
distinto,4,13,9,3.25,0.10,0.14
apasionado,6,11,5,1.83,0.14,0.12
excelente,4,13,9,3.25,0.10,0.14
próximo,0,17,17,inf,0.00,0.18
militar,8,9,1,1.12,0.19,0.10
lírico,0,16,16,inf,0.00,0.17
cálido,8,8,0,1.00,0.19,0.08
infantil,6,10,4,1.67,0.14,0.11
genial,0,16,16,inf,0.00,0.17
lejano,4,12,8,3.00,0.10,0.13
lindo,5,11,6,2.20,0.12,0.12
cubano,7,9,2,1.29,0.17,0.10
gallego,7,8,1,1.14,0.17,0.08
árabe,6,9,3,1.50,0.14,0.10
malo,7,8,1,1.14,0.17,0.08
intenso,3,12,9,4.00,0.07,0.13
celestial,6,9,3,1.50,0.14,0.10
trazado,0,15,15,inf,0.00,0.16
limpio,6,9,3,1.50,0.14,0.10
posible,2,13,11,6.50,0.05,0.14
castizo,6,9,3,1.50,0.14,0.10
distinguido,6,8,2,1.33,0.14,0.08
digno,4,10,6,2.50,0.10,0.11
argentino,6,8,2,1.33,0.14,0.08
difícil,1,13,12,13.00,0.02,0.14
maravilloso,3,11,8,3.67,0.07,0.12
asturiano,7,7,0,1.00,0.17,0.07
representativo,1,13,12,13.00,0.02,0.14
hermoso,0,13,13,inf,0.00,0.14
grata,4,9,5,2.25,0.10,0.10
húngaro,6,7,1,1.17,0.14,0.07
reciente,1,12,11,12.00,0.02,0.13
ilustre,0,13,13,inf,0.00,0.14
radiogénico,6,7,1,1.17,0.14,0.07
publicado,5,8,3,1.60,0.12,0.08
tocado,6,7,1,1.17,0.14,0.07
abundante,5,8,3,1.60,0.12,0.08
posterior,5,8,3,1.60,0.12,0.08
elevado,1,12,11,12.00,0.02,0.13
bailabl,6,7,1,1.17,0.14,0.07
espléndido,2,11,9,5.50,0.05,0.12
cómico,1,11,10,11.00,0.02,0.12
eléctrico,5,7,2,1.40,0.12,0.07
brillante,3,9,6,3.00,0.07,0.10
artístico,1,11,10,11.00,0.02,0.12
precioso,2,10,8,5.00,0.05,0.11
valenciano,2,10,8,5.00,0.05,0.11
sutil,1,11,10,11.00,0.02,0.12
aplicado,4,8,4,2.00,0.10,0.08
junto,0,12,12,inf,0.00,0.13
delicioso,0,12,12,inf,0.00,0.13
ultramoderno,6,6,0,1.00,0.14,0.06
primitivo,4,8,4,2.00,0.10,0.08
literario,2,10,8,5.00,0.05,0.11
internacional,4,8,4,2.00,0.10,0.08
sagrado,5,7,2,1.40,0.12,0.07
culto,6,6,0,1.00,0.14,0.06
absoluto,4,7,3,1.75,0.10,0.07
exquisito,2,9,7,4.50,0.05,0.10
bizantín,5,6,1,1.20,0.12,0.06
superior,3,8,5,2.67,0.07,0.08
sentimental,1,10,9,10.00,0.02,0.11
cantado,3,8,5,2.67,0.07,0.08
escandinavo,5,6,1,1.20,0.12,0.06
feliz,3,8,5,2.67,0.07,0.08
portugués,4,7,3,1.75,0.10,0.07
ficto,5,6,1,1.20,0.12,0.06
sentido,3,8,5,2.67,0.07,0.08
solo,0,11,11,inf,0.00,0.12
sonoro,1,10,9,10.00,0.02,0.11
hondo,2,9,7,4.50,0.05,0.10
eminent,0,10,10,inf,0.00,0.11
falso,4,6,2,1.50,0.10,0.06
construido,4,6,2,1.50,0.10,0.06
sugestivo,1,9,8,9.00,0.02,0.10
incidental,4,6,2,1.50,0.10,0.06
poemático,5,5,0,1.00,0.12,0.05
análogo,0,10,10,inf,0.00,0.11
raro,0,10,10,inf,0.00,0.11
medieval,5,5,0,1.00,0.12,0.05
sensible,2,8,6,4.00,0.05,0.08
sano,4,6,2,1.50,0.10,0.06
destinado,2,8,6,4.00,0.05,0.08
cierto,0,10,10,inf,0.00,0.11
atractivo,2,8,6,4.00,0.05,0.08
florentino,5,5,0,1.00,0.12,0.05
acento,0,10,10,inf,0.00,0.11
radiofónico,4,6,2,1.50,0.10,0.06
directo,1,9,8,9.00,0.02,0.10
organizado,1,9,8,9.00,0.02,0.10
bohemio,5,5,0,1.00,0.12,0.05
olvidado,2,8,6,4.00,0.05,0.08
vienés,0,10,10,inf,0.00,0.11
impresionista,4,6,2,1.50,0.10,0.06
trabajado,1,9,8,9.00,0.02,0.10
expresivo,2,8,6,4.00,0.05,0.08
severo,2,7,5,3.50,0.05,0.07
encantado,4,5,1,1.25,0.10,0.05
encomendado,3,6,3,2.00,0.07,0.06
perfumado,0,9,9,inf,0.00,0.10
nostálgico,6,3,-3,0.50,0.14,0.03
curioso,1,8,7,8.00,0.02,0.08
menor,0,9,9,inf,0.00,0.10
espiritual,1,8,7,8.00,0.02,0.08
completo,1,8,7,8.00,0.02,0.08
holandés,4,5,1,1.25,0.10,0.05
auténtico,2,7,5,3.50,0.05,0.07
checo,4,5,1,1.25,0.10,0.05
frecuente,0,9,9,inf,0.00,0.10
dulce,2,7,5,3.50,0.05,0.07
vigoroso,2,7,5,3.50,0.05,0.07
patético,1,8,7,8.00,0.02,0.08
insuperable,0,9,9,inf,0.00,0.10
extraordinario,1,8,7,8.00,0.02,0.08
mediterráneo,4,5,1,1.25,0.10,0.05
ejecutado,3,6,3,2.00,0.07,0.06
capaz,1,8,7,8.00,0.02,0.08
entusiasta,0,9,9,inf,0.00,0.10
luminoso,4,5,1,1.25,0.10,0.05
gitán,4,4,0,1.00,0.10,0.04
muerto,3,5,2,1.67,0.07,0.05
orgánico,4,4,0,1.00,0.10,0.04
influido,2,6,4,3.00,0.05,0.06
plástico,1,7,6,7.00,0.02,0.07
castellano,3,5,2,1.67,0.07,0.05
humano,1,7,6,7.00,0.02,0.07
femenino,0,8,8,inf,0.00,0.08
realizado,3,5,2,1.67,0.07,0.05
vascongado,4,4,0,1.00,0.10,0.04
arroyo,0,8,8,inf,0.00,0.08
natal,0,8,8,inf,0.00,0.08
singular,0,8,8,inf,0.00,0.08
exuberante,4,4,0,1.00,0.10,0.04
encantador,4,4,0,1.00,0.10,0.04
mecánico,2,6,4,3.00,0.05,0.06
indescriptible,1,7,6,7.00,0.02,0.07
representado,0,8,8,inf,0.00,0.08
voluptuós,0,8,8,inf,0.00,0.08
tierno,2,6,4,3.00,0.05,0.06
discreto,0,8,8,inf,0.00,0.08
firme,0,8,8,inf,0.00,0.08
ideal,1,7,6,7.00,0.02,0.07
robusto,3,5,2,1.67,0.07,0.05
humorístico,3,5,2,1.67,0.07,0.05
impreciso,4,4,0,1.00,0.10,0.04
extraño,2,6,4,3.00,0.05,0.06
trascendental,2,6,4,3.00,0.05,0.06
sacro,3,4,1,1.33,0.07,0.04
interior,3,4,1,1.33,0.07,0.04
escaso,3,4,1,1.33,0.07,0.04
íntimo,1,6,5,6.00,0.02,0.06
mediocre,3,4,1,1.33,0.07,0.04
continental,3,4,1,1.33,0.07,0.04
fundado,0,7,7,inf,0.00,0.07
presente,0,7,7,inf,0.00,0.07
generoso,0,7,7,inf,0.00,0.07
transparente,3,4,1,1.33,0.07,0.04
rural,3,4,1,1.33,0.07,0.04
cuanta,0,7,7,inf,0.00,0.07
expuesto,2,5,3,2.50,0.05,0.05
pobre,0,7,7,inf,0.00,0.07
fonográfico,2,5,3,2.50,0.05,0.05
inmenso,0,7,7,inf,0.00,0.07
concentrado,1,6,5,6.00,0.02,0.06
puesto,0,7,7,inf,0.00,0.07
significativo,0,7,7,inf,0.00,0.07
coloreado,2,5,3,2.50,0.05,0.05
considerable,0,7,7,inf,0.00,0.07
elemental,1,6,5,6.00,0.02,0.06
perceptible,1,6,5,6.00,0.02,0.06
simpático,1,6,5,6.00,0.02,0.06
jovial,2,5,3,2.50,0.05,0.05
noble,1,6,5,6.00,0.02,0.06
patriótico,3,4,1,1.33,0.07,0.04
evocativo,0,7,7,inf,0.00,0.07
españolista,2,5,3,2.50,0.05,0.05
desnudo,3,4,1,1.33,0.07,0.04
asequible,2,5,3,2.50,0.05,0.05
diferente,0,7,7,inf,0.00,0.07
desconocido,0,7,7,inf,0.00,0.07
impregnado,0,7,7,inf,0.00,0.07
esencial,0,7,7,inf,0.00,0.07
solemne,3,4,1,1.33,0.07,0.04
vibrante,2,5,3,2.50,0.05,0.05
modesto,3,4,1,1.33,0.07,0.04
autóctono,3,4,1,1.33,0.07,0.04
largo,2,4,2,2.00,0.05,0.04
adaptado,2,4,2,2.00,0.05,0.04
divino,1,5,4,5.00,0.02,0.05
célebre,0,6,6,inf,0.00,0.06
revolucionario,2,4,2,2.00,0.05,0.04
callado,2,4,2,2.00,0.05,0.04
especializado,0,6,6,inf,0.00,0.06
centroeuropeo,3,3,0,1.00,0.07,0.03
filosófico,2,4,2,2.00,0.05,0.04
social,0,6,6,inf,0.00,0.06
popularista,2,4,2,2.00,0.05,0.04
abstracto,3,3,0,1.00,0.07,0.03
rítmico,0,6,6,inf,0.00,0.06
añejo,2,4,2,2.00,0.05,0.04
donostiarra,0,6,6,inf,0.00,0.06
complicado,1,5,4,5.00,0.02,0.05
privado,3,3,0,1.00,0.07,0.03
apretado,2,4,2,2.00,0.05,0.04
heredado,3,3,0,1.00,0.07,0.03
contenido,2,4,2,2.00,0.05,0.04
justo,0,6,6,inf,0.00,0.06
armónico,1,5,4,5.00,0.02,0.05
mendelssohnián,3,3,0,1.00,0.07,0.03
austríaco,2,4,2,2.00,0.05,0.04
unido,0,6,6,inf,0.00,0.06
soberbio,2,4,2,2.00,0.05,0.04
sensual,3,3,0,1.00,0.07,0.03
mencionado,1,5,4,5.00,0.02,0.05
microfónico,3,3,0,1.00,0.07,0.03
escogido,2,4,2,2.00,0.05,0.04
mediano,3,3,0,1.00,0.07,0.03
ocasional,0,6,6,inf,0.00,0.06
concreto,0,6,6,inf,0.00,0.06
respectivo,0,6,6,inf,0.00,0.06
impreso,2,4,2,2.00,0.05,0.04
ingenuo,2,4,2,2.00,0.05,0.04
creado,1,5,4,5.00,0.02,0.05
consagrado,1,5,4,5.00,0.02,0.05
preciso,0,6,6,inf,0.00,0.06
técnico,0,6,6,inf,0.00,0.06
pintoresca,3,3,0,1.00,0.07,0.03
personal,0,6,6,inf,0.00,0.06
enorme,0,6,6,inf,0.00,0.06
sincero,3,3,0,1.00,0.07,0.03
crítico,0,6,6,inf,0.00,0.06
fresca,2,4,2,2.00,0.05,0.04
recitado,2,4,2,2.00,0.05,0.04
pletórico,3,3,0,1.00,0.07,0.03
real,0,6,6,inf,0.00,0.06
destacado,0,5,5,inf,0.00,0.05
desaparecido,1,4,3,4.00,0.02,0.04
brujo,0,5,5,inf,0.00,0.05
perteneciente,1,4,3,4.00,0.02,0.04
glorioso,0,5,5,inf,0.00,0.05
arábiga,1,4,3,4.00,0.02,0.04
adolescente,1,4,3,4.00,0.02,0.04
inefable,2,3,1,1.50,0.05,0.03
afrocubán,2,3,1,1.50,0.05,0.03
dotado,1,4,3,4.00,0.02,0.04
extremo,0,5,5,inf,0.00,0.05
constante,0,5,5,inf,0.00,0.05
siguiente,0,5,5,inf,0.00,0.05
favorable,0,5,5,inf,0.00,0.05
cuarto,0,5,5,inf,0.00,0.05
relativo,0,5,5,inf,0.00,0.05
correspondiente,1,4,3,4.00,0.02,0.04
necesario,0,5,5,inf,0.00,0.05
procedente,2,3,1,1.50,0.05,0.03
avanzado,0,5,5,inf,0.00,0.05
sonriente,1,4,3,4.00,0.02,0.04
relacionado,0,5,5,inf,0.00,0.05
robusta,2,3,1,1.50,0.05,0.03
descriptivo,2,3,1,1.50,0.05,0.03
saliente,0,5,5,inf,0.00,0.05
dieciochesca,1,4,3,4.00,0.02,0.04
abominable,2,3,1,1.50,0.05,0.03
apropiado,2,3,1,1.50,0.05,0.03
impresionado,3,2,-1,0.67,0.07,0.02
intelectual,0,5,5,inf,0.00,0.05
integrado,0,5,5,inf,0.00,0.05
central,0,5,5,inf,0.00,0.05
colorista,2,3,1,1.50,0.05,0.03
haendelián,2,3,1,1.50,0.05,0.03
celebrado,0,5,5,inf,0.00,0.05
mágico,2,3,1,1.50,0.05,0.03
notorio,0,5,5,inf,0.00,0.05
ciudadano,2,3,1,1.50,0.05,0.03
público,0,5,5,inf,0.00,0.05
modal,2,3,1,1.50,0.05,0.03
aristocrático,2,3,1,1.50,0.05,0.03
burgués,2,3,1,1.50,0.05,0.03
airoso,0,5,5,inf,0.00,0.05
negroide,2,3,1,1.50,0.05,0.03
griego,2,3,1,1.50,0.05,0.03
superficial,1,4,3,4.00,0.02,0.04
nativo,2,3,1,1.50,0.05,0.03
inferior,0,5,5,inf,0.00,0.05
heroico,0,5,5,inf,0.00,0.05
histórico,0,5,5,inf,0.00,0.05
juvenil,2,3,1,1.50,0.05,0.03
decorado,0,5,5,inf,0.00,0.05
católico,2,3,1,1.50,0.05,0.03
narrativo,1,3,2,3.00,0.02,0.03
campesino,1,3,2,3.00,0.02,0.03
criollo,2,2,0,1.00,0.05,0.02
partidario,0,4,4,inf,0.00,0.04
potente,0,4,4,inf,0.00,0.04
cargado,2,2,0,1.00,0.05,0.02
predestinado,0,4,4,inf,0.00,0.04
cósmico,1,3,2,3.00,0.02,0.03
banal,1,3,2,3.00,0.02,0.03
exterior,0,4,4,inf,0.00,0.04
meteorológico,0,4,4,inf,0.00,0.04
desplomado,0,4,4,inf,0.00,0.04
refinado,1,3,2,3.00,0.02,0.03
complejo,0,4,4,inf,0.00,0.04
polaco,2,2,0,1.00,0.05,0.02
vivido,2,2,0,1.00,0.05,0.02
derivado,1,3,2,3.00,0.02,0.03
eminente,0,4,4,inf,0.00,0.04
empapado,0,4,4,inf,0.00,0.04
dado,0,4,4,inf,0.00,0.04
saturado,0,4,4,inf,0.00,0.04
antillán,2,2,0,1.00,0.05,0.02
decidido,0,4,4,inf,0.00,0.04
emocionado,3,1,-2,0.33,0.07,0.01
dispuesto,0,4,4,inf,0.00,0.04
intrínseco,1,3,2,3.00,0.02,0.03
frágil,2,2,0,1.00,0.05,0.02
calín,2,2,0,1.00,0.05,0.02
gregorián,2,2,0,1.00,0.05,0.02
tercero,0,4,4,inf,0.00,0.04
igual,0,4,4,inf,0.00,0.04
numeroso,0,4,4,inf,0.00,0.04
filarmónico,0,4,4,inf,0.00,0.04
grave,0,4,4,inf,0.00,0.04
sobrio,2,2,0,1.00,0.05,0.02
pomposo,2,2,0,1.00,0.05,0.02
opuesto,1,3,2,3.00,0.02,0.03
gris,2,2,0,1.00,0.05,0.02
atormentado,0,4,4,inf,0.00,0.04
recto,2,2,0,1.00,0.05,0.02
sincopado,2,2,0,1.00,0.05,0.02
corriente,0,4,4,inf,0.00,0.04
imperceptible,0,4,4,inf,0.00,0.04
afrancesado,0,4,4,inf,0.00,0.04
cordial,2,2,0,1.00,0.05,0.02
mundial,0,4,4,inf,0.00,0.04
calificadamente,1,3,2,3.00,0.02,0.03
harto,1,3,2,3.00,0.02,0.03
aficionado,0,4,4,inf,0.00,0.04
modernista,2,2,0,1.00,0.05,0.02
propagandista,0,4,4,inf,0.00,0.04
decimotercero,0,4,4,inf,0.00,0.04
sublim,0,4,4,inf,0.00,0.04
total,0,4,4,inf,0.00,0.04
guerrero,0,4,4,inf,0.00,0.04
fragante,2,2,0,1.00,0.05,0.02
estético,0,4,4,inf,0.00,0.04
máximo,0,4,4,inf,0.00,0.04
espontáneo,1,3,2,3.00,0.02,0.03
reputado,0,4,4,inf,0.00,0.04
seguido,0,4,4,inf,0.00,0.04
supremo,1,3,2,3.00,0.02,0.03
inteligente,1,3,2,3.00,0.02,0.03
neto,1,3,2,3.00,0.02,0.03
existente,1,3,2,3.00,0.02,0.03
expresado,1,3,2,3.00,0.02,0.03
interno,1,3,2,3.00,0.02,0.03
valiente,0,4,4,inf,0.00,0.04
negroafricán,2,2,0,1.00,0.05,0.02
sevillano,0,4,4,inf,0.00,0.04
leve,2,2,0,1.00,0.05,0.02
editado,0,4,4,inf,0.00,0.04
indígena,2,2,0,1.00,0.05,0.02
rudimentario,1,3,2,3.00,0.02,0.03
exacto,0,4,4,inf,0.00,0.04
indio,2,2,0,1.00,0.05,0.02
perdido,0,4,4,inf,0.00,0.04
seco,0,4,4,inf,0.00,0.04
madrileñísimo,2,2,0,1.00,0.05,0.02
significado,0,4,4,inf,0.00,0.04
dulcísimo,2,2,0,1.00,0.05,0.02
buena,0,4,4,inf,0.00,0.04
débil,0,4,4,inf,0.00,0.04
estimable,2,2,0,1.00,0.05,0.02
erudito,2,2,0,1.00,0.05,0.02
vago,1,3,2,3.00,0.02,0.03
marroquí,2,2,0,1.00,0.05,0.02
deliciosa,0,4,4,inf,0.00,0.04
valioso,0,4,4,inf,0.00,0.04
crudo,1,3,2,3.00,0.02,0.03
operístico,1,3,2,3.00,0.02,0.03
conservador,1,3,2,3.00,0.02,0.03
fundamental,0,4,4,inf,0.00,0.04
ratonero,2,2,0,1.00,0.05,0.02
mendelssonián,2,2,0,1.00,0.05,0.02
prestigioso,0,4,4,inf,0.00,0.04
eficaz,0,4,4,inf,0.00,0.04
ágil,2,2,0,1.00,0.05,0.02
dionisíaco,1,3,2,3.00,0.02,0.03
remoto,1,3,2,3.00,0.02,0.03
referente,0,4,4,inf,0.00,0.04
amplio,1,3,2,3.00,0.02,0.03
continuo,1,3,2,3.00,0.02,0.03
reflejado,0,4,4,inf,0.00,0.04
encontrado,0,3,3,inf,0.00,0.03
palpitante,1,2,1,2.00,0.02,0.02
decorativo,0,3,3,inf,0.00,0.03
juzgado,1,2,1,2.00,0.02,0.02
sereneo,1,2,1,2.00,0.02,0.02
poderoso,0,3,3,inf,0.00,0.03
cadencioso,0,3,3,inf,0.00,0.03
oída,0,3,3,inf,0.00,0.03
conseguido,0,3,3,inf,0.00,0.03
acostumbrado,0,3,3,inf,0.00,0.03
propicio,0,3,3,inf,0.00,0.03
imperecedero,0,3,3,inf,0.00,0.03
pacífico,0,3,3,inf,0.00,0.03
incomparable,0,3,3,inf,0.00,0.03
provincial,0,3,3,inf,0.00,0.03
realista,0,3,3,inf,0.00,0.03
querido,0,3,3,inf,0.00,0.03
oculto,1,2,1,2.00,0.02,0.02
absurdo,1,2,1,2.00,0.02,0.02
comparable,0,3,3,inf,0.00,0.03
visto,1,2,1,2.00,0.02,0.02
principiant,1,2,1,2.00,0.02,0.02
positivo,0,3,3,inf,0.00,0.03
bajo,2,1,-1,0.50,0.05,0.01
formal,0,3,3,inf,0.00,0.03
presentado,1,2,1,2.00,0.02,0.02
pensado,1,2,1,2.00,0.02,0.02
arreglado,1,2,1,2.00,0.02,0.02
insólito,0,3,3,inf,0.00,0.03
parlante,1,2,1,2.00,0.02,0.02
sometido,0,3,3,inf,0.00,0.03
inequívoco,0,3,3,inf,0.00,0.03
sobresaliente,0,3,3,inf,0.00,0.03
sabroso,1,2,1,2.00,0.02,0.02
africano,1,2,1,2.00,0.02,0.02
marcial,1,2,1,2.00,0.02,0.02
sereno,0,3,3,inf,0.00,0.03
temprano,0,3,3,inf,0.00,0.03
encargado,0,3,3,inf,0.00,0.03
redactado,1,2,1,2.00,0.02,0.02
centenario,0,3,3,inf,0.00,0.03
probable,0,3,3,inf,0.00,0.03
anticuado,1,2,1,2.00,0.02,0.02
conrado,2,1,-1,0.50,0.05,0.01
utilitario,0,3,3,inf,0.00,0.03
policromo,0,3,3,inf,0.00,0.03
extensivo,0,3,3,inf,0.00,0.03
deseable,1,2,1,2.00,0.02,0.02
turco,1,2,1,2.00,0.02,0.02
reducido,1,2,1,2.00,0.02,0.02
diverso,0,3,3,inf,0.00,0.03
beethovenián,1,2,1,2.00,0.02,0.02
funeral,1,2,1,2.00,0.02,0.02
tzígán,1,2,1,2.00,0.02,0.02
excepcional,1,2,1,2.00,0.02,0.02
anunciado,1,2,1,2.00,0.02,0.02
específico,0,3,3,inf,0.00,0.03
prosaico,1,2,1,2.00,0.02,0.02
señalado,0,3,3,inf,0.00,0.03
logrado,0,3,3,inf,0.00,0.03
sabio,1,2,1,2.00,0.02,0.02
atento,0,3,3,inf,0.00,0.03
suficiente,0,3,3,inf,0.00,0.03
fluido,1,2,1,2.00,0.02,0.02
relevante,0,3,3,inf,0.00,0.03
tejido,1,2,1,2.00,0.02,0.02
denominado,1,2,1,2.00,0.02,0.02
amable,0,3,3,inf,0.00,0.03
nacido,0,3,3,inf,0.00,0.03
breve,0,3,3,inf,0.00,0.03
evocador,1,2,1,2.00,0.02,0.02
inútil,1,2,1,2.00,0.02,0.02
viviente,1,2,1,2.00,0.02,0.02
suyo,0,3,3,inf,0.00,0.03
mudo,1,2,1,2.00,0.02,0.02
informe,1,2,1,2.00,0.02,0.02
cantabl,1,2,1,2.00,0.02,0.02
determinado,0,3,3,inf,0.00,0.03
concertante,1,2,1,2.00,0.02,0.02
considerado,1,2,1,2.00,0.02,0.02
futuro,0,3,3,inf,0.00,0.03
solista,0,3,3,inf,0.00,0.03
acorde,0,3,3,inf,0.00,0.03
mostrado,1,2,1,2.00,0.02,0.02
nervioso,1,2,1,2.00,0.02,0.02
parisiense,0,3,3,inf,0.00,0.03
folklórico,0,3,3,inf,0.00,0.03
galaico,1,2,1,2.00,0.02,0.02
levantino,1,2,1,2.00,0.02,0.02
nefasto,1,2,1,2.00,0.02,0.02
flaco,1,2,1,2.00,0.02,0.02
creador,1,2,1,2.00,0.02,0.02
activo,0,3,3,inf,0.00,0.03
indeleble,0,3,3,inf,0.00,0.03
abonado,0,3,3,inf,0.00,0.03
fingida,1,2,1,2.00,0.02,0.02
penetrante,0,3,3,inf,0.00,0.03
acuático,1,2,1,2.00,0.02,0.02
contrario,0,3,3,inf,0.00,0.03
giós,1,2,1,2.00,0.02,0.02
adquirido,2,1,-1,0.50,0.05,0.01
callejero,1,2,1,2.00,0.02,0.02
sólido,0,3,3,inf,0.00,0.03
dictado,1,2,1,2.00,0.02,0.02
práctico,0,3,3,inf,0.00,0.03
equivalente,1,2,1,2.00,0.02,0.02
arquitectónico,1,2,1,2.00,0.02,0.02
sumo,0,3,3,inf,0.00,0.03
mal,0,3,3,inf,0.00,0.03
hablado,0,3,3,inf,0.00,0.03
ameno,0,3,3,inf,0.00,0.03
impalpable,1,2,1,2.00,0.02,0.02
permanente,1,2,1,2.00,0.02,0.02
ordinario,1,2,1,2.00,0.02,0.02
estrenado,1,2,1,2.00,0.02,0.02
latino,0,3,3,inf,0.00,0.03
irónico,0,3,3,inf,0.00,0.03
apreciado,1,2,1,2.00,0.02,0.02
material,0,3,3,inf,0.00,0.03
seráfico,1,2,1,2.00,0.02,0.02
impelido,1,2,1,2.00,0.02,0.02
utilizado,0,3,3,inf,0.00,0.03
suelto,0,3,3,inf,0.00,0.03
castizamente,1,2,1,2.00,0.02,0.02
brasileño,1,2,1,2.00,0.02,0.02
tercer,0,3,3,inf,0.00,0.03
decisivo,0,3,3,inf,0.00,0.03
vacío,2,1,-1,0.50,0.05,0.01
incluido,1,2,1,2.00,0.02,0.02
ejecutant,0,3,3,inf,0.00,0.03
cercano,1,2,1,2.00,0.02,0.02
inundado,1,2,1,2.00,0.02,0.02
acusado,0,3,3,inf,0.00,0.03
feo,0,3,3,inf,0.00,0.03
familiar,1,2,1,2.00,0.02,0.02
toledano,1,2,1,2.00,0.02,0.02
concurrido,0,3,3,inf,0.00,0.03
pleno,0,3,3,inf,0.00,0.03
vestido,1,2,1,2.00,0.02,0.02
registrado,1,2,1,2.00,0.02,0.02
interpretativo,1,2,1,2.00,0.02,0.02
blando,1,2,1,2.00,0.02,0.02
renovador,0,3,3,inf,0.00,0.03
forzado,0,3,3,inf,0.00,0.03
doctoral,1,2,1,2.00,0.02,0.02
actualísimo,1,2,1,2.00,0.02,0.02
indefinible,0,3,3,inf,0.00,0.03
provenzal,1,1,0,1.00,0.02,0.01
vano,1,1,0,1.00,0.02,0.01
trasatlántico,1,1,0,1.00,0.02,0.01
sivamente,1,1,0,1.00,0.02,0.01
postromántico,1,1,0,1.00,0.02,0.01
célebres,1,1,0,1.00,0.02,0.01
usual,0,2,2,inf,0.00,0.02
comunicativo,1,1,0,1.00,0.02,0.01
romano,0,2,2,inf,0.00,0.02
salado,0,2,2,inf,0.00,0.02
inservible,1,1,0,1.00,0.02,0.01
sudamericano,1,1,0,1.00,0.02,0.01
optimista,1,1,0,1.00,0.02,0.01
clásicorromántico,1,1,0,1.00,0.02,0.01
autónomo,0,2,2,inf,0.00,0.02
arábigoespañolo,1,1,0,1.00,0.02,0.01
antimusical,1,1,0,1.00,0.02,0.01
eíipañolo,1,1,0,1.00,0.02,0.01
genealógico,0,2,2,inf,0.00,0.02
hiperexcitado,1,1,0,1.00,0.02,0.01
inextinguible,1,1,0,1.00,0.02,0.01
meridional,0,2,2,inf,0.00,0.02
orientalista,1,1,0,1.00,0.02,0.01
objetivo,0,2,2,inf,0.00,0.02
chabacano,1,1,0,1.00,0.02,0.01
cabal,0,2,2,inf,0.00,0.02
antitrascendente,1,1,0,1.00,0.02,0.01
panamericán,1,1,0,1.00,0.02,0.01
pianista,1,1,0,1.00,0.02,0.01
bulliciosa,1,1,0,1.00,0.02,0.01
misterioso,0,2,2,inf,0.00,0.02
hugonote,1,1,0,1.00,0.02,0.01
porvenir,0,2,2,inf,0.00,0.02
dinámico,0,2,2,inf,0.00,0.02
explícito,1,1,0,1.00,0.02,0.01
confidente,1,1,0,1.00,0.02,0.01
indocumentado,1,1,0,1.00,0.02,0.01
napolitán,1,1,0,1.00,0.02,0.01
homogéneo,0,2,2,inf,0.00,0.02
straussián,1,1,0,1.00,0.02,0.01
llevada,1,1,0,1.00,0.02,0.01
nobilísimo,1,1,0,1.00,0.02,0.01
abundantísimo,0,2,2,inf,0.00,0.02
contemporánea,0,2,2,inf,0.00,0.02
danzable,1,1,0,1.00,0.02,0.01
inseparable,0,2,2,inf,0.00,0.02
vistoso,0,2,2,inf,0.00,0.02
deshecho,1,1,0,1.00,0.02,0.01
útil,0,2,2,inf,0.00,0.02
hispano,1,1,0,1.00,0.02,0.01
evanescente,1,1,0,1.00,0.02,0.01
mezclado,1,1,0,1.00,0.02,0.01
trovadoresco,1,1,0,1.00,0.02,0.01
patrocinado,0,2,2,inf,0.00,0.02
conocedor,0,2,2,inf,0.00,0.02
blanco,0,2,2,inf,0.00,0.02
cariz,0,2,2,inf,0.00,0.02
negrcamericán,1,1,0,1.00,0.02,0.01
judío,1,1,0,1.00,0.02,0.01
aligero,1,1,0,1.00,0.02,0.01
peor,1,1,0,1.00,0.02,0.01
albenizián,1,1,0,1.00,0.02,0.01
dechado,0,2,2,inf,0.00,0.02
anticua,1,1,0,1.00,0.02,0.01
bufa,1,1,0,1.00,0.02,0.01
decorós,1,1,0,1.00,0.02,0.01
chispeo,1,1,0,1.00,0.02,0.01
berebero,1,1,0,1.00,0.02,0.01
debido,0,2,2,inf,0.00,0.02
tzíngaro,1,1,0,1.00,0.02,0.01
conceptista,1,1,0,1.00,0.02,0.01
lanzado,1,1,0,1.00,0.02,0.01
libertado,1,1,0,1.00,0.02,0.01
incomprensible,0,2,2,inf,0.00,0.02
desgarrado,1,1,0,1.00,0.02,0.01
catalanesco,1,1,0,1.00,0.02,0.01
anónimo,1,1,0,1.00,0.02,0.01
ensordecido,1,1,0,1.00,0.02,0.01
perfumada,1,1,0,1.00,0.02,0.01
franciscán,1,1,0,1.00,0.02,0.01
burlón,1,1,0,1.00,0.02,0.01
producido,1,1,0,1.00,0.02,0.01
juguetón,0,2,2,inf,0.00,0.02
ajeno,1,1,0,1.00,0.02,0.01
llegado,1,1,0,1.00,0.02,0.01
grueso,0,2,2,inf,0.00,0.02
aktimarcial,1,1,0,1.00,0.02,0.01
pretérita,1,1,0,1.00,0.02,0.01
ruidoso,1,1,0,1.00,0.02,0.01
doble,0,2,2,inf,0.00,0.02
inaprehensible,0,2,2,inf,0.00,0.02
recopilado,1,1,0,1.00,0.02,0.01
infernal,1,1,0,1.00,0.02,0.01
melodiós,0,2,2,inf,0.00,0.02
mejicana,1,1,0,1.00,0.02,0.01
sensacional,0,2,2,inf,0.00,0.02
manoseado,1,1,0,1.00,0.02,0.01
viejísimo,1,1,0,1.00,0.02,0.01
henchido,0,2,2,inf,0.00,0.02
evolutivo,0,2,2,inf,0.00,0.02
reservado,0,2,2,inf,0.00,0.02
tópico,1,1,0,1.00,0.02,0.01
torrefactado,1,1,0,1.00,0.02,0.01
trágico,0,2,2,inf,0.00,0.02
regresado,0,2,2,inf,0.00,0.02
inevitable,0,2,2,inf,0.00,0.02
guerrera,0,2,2,inf,0.00,0.02
avícola,1,1,0,1.00,0.02,0.01
tchaikowskián,1,1,0,1.00,0.02,0.01
valedero,1,1,0,1.00,0.02,0.01
practicado,1,1,0,1.00,0.02,0.01
teñido,0,2,2,inf,0.00,0.02
litúrgico,1,1,0,1.00,0.02,0.01
competente,0,2,2,inf,0.00,0.02
quilificado,1,1,0,1.00,0.02,0.01
ambiguo,0,2,2,inf,0.00,0.02
jocundo,1,1,0,1.00,0.02,0.01
impresionadoro,1,1,0,1.00,0.02,0.01
gaditano,0,2,2,inf,0.00,0.02
estéril,1,1,0,1.00,0.02,0.01
explicada,0,2,2,inf,0.00,0.02
desprovista,1,1,0,1.00,0.02,0.01
guitarrístico,1,1,0,1.00,0.02,0.01
preñado,1,1,0,1.00,0.02,0.01
opaco,1,1,0,1.00,0.02,0.01
conservado,1,1,0,1.00,0.02,0.01
depurado,1,1,0,1.00,0.02,0.01
pretérito,0,2,2,inf,0.00,0.02
rubio,0,2,2,inf,0.00,0.02
cismático,1,1,0,1.00,0.02,0.01
lunático,1,1,0,1.00,0.02,0.01
contorsionada,1,1,0,1.00,0.02,0.01
predominante,0,2,2,inf,0.00,0.02
inaccesible,1,1,0,1.00,0.02,0.01
susceptible,1,1,0,1.00,0.02,0.01
entusiasmado,0,2,2,inf,0.00,0.02
madrigalesca,1,1,0,1.00,0.02,0.01
medio,0,2,2,inf,0.00,0.02
reunido,0,2,2,inf,0.00,0.02
teitral,1,1,0,1.00,0.02,0.01
rebosante,1,1,0,1.00,0.02,0.01
atrayente,1,1,0,1.00,0.02,0.01
vario,0,2,2,inf,0.00,0.02
evocativa,1,1,0,1.00,0.02,0.01
incompleto,0,2,2,inf,0.00,0.02
ilustrado,0,2,2,inf,0.00,0.02
obligado,0,2,2,inf,0.00,0.02
profesional,0,2,2,inf,0.00,0.02
sediciente,1,1,0,1.00,0.02,0.01
anglosajón,1,1,0,1.00,0.02,0.01
bretón,0,2,2,inf,0.00,0.02
minstrels,0,2,2,inf,0.00,0.02
pimpante,1,1,0,1.00,0.02,0.01
ginario,1,1,0,1.00,0.02,0.01
isleño,1,1,0,1.00,0.02,0.01
embotada,0,2,2,inf,0.00,0.02
angélico,1,1,0,1.00,0.02,0.01
ampurdanés,1,1,0,1.00,0.02,0.01
amenizante,1,1,0,1.00,0.02,0.01
chino,1,1,0,1.00,0.02,0.01
acomodaticio,1,1,0,1.00,0.02,0.01
exportable,1,1,0,1.00,0.02,0.01
ultrarromántico,1,1,0,1.00,0.02,0.01
noveno,0,2,2,inf,0.00,0.02
menudo,0,2,2,inf,0.00,0.02
popu,1,1,0,1.00,0.02,0.01
sugerido,0,2,2,inf,0.00,0.02
ejemplar,0,2,2,inf,0.00,0.02
respetado,0,2,2,inf,0.00,0.02
particular,0,2,2,inf,0.00,0.02
notabilísimo,0,2,2,inf,0.00,0.02
céltico,1,1,0,1.00,0.02,0.01
tosco,1,1,0,1.00,0.02,0.01
consciente,0,2,2,inf,0.00,0.02
calumniado,1,1,0,1.00,0.02,0.01
mínimo,0,2,2,inf,0.00,0.02
nocturno,1,1,0,1.00,0.02,0.01
asiático,0,2,2,inf,0.00,0.02
susodicho,1,1,0,1.00,0.02,0.01
substancio,1,1,0,1.00,0.02,0.01
formidable,0,2,2,inf,0.00,0.02
asado,1,1,0,1.00,0.02,0.01
anodino,1,1,0,1.00,0.02,0.01
creciente,0,2,2,inf,0.00,0.02
zarsuela,1,1,0,1.00,0.02,0.01
arcano,1,1,0,1.00,0.02,0.01
helado,1,1,0,1.00,0.02,0.01
finlandés,1,1,0,1.00,0.02,0.01
animado,0,2,2,inf,0.00,0.02
imaginado,1,1,0,1.00,0.02,0.01
masculino,0,2,2,inf,0.00,0.02
trascrito,1,1,0,1.00,0.02,0.01
dorado,0,2,2,inf,0.00,0.02
menester,0,2,2,inf,0.00,0.02
sacada,0,2,2,inf,0.00,0.02
alusivo,0,2,2,inf,0.00,0.02
austero,0,2,2,inf,0.00,0.02
galante,1,1,0,1.00,0.02,0.01
íntegro,0,2,2,inf,0.00,0.02
negroid,1,1,0,1.00,0.02,0.01
floreciente,0,2,2,inf,0.00,0.02
desenvuelta,1,1,0,1.00,0.02,0.01
chopinián,1,1,0,1.00,0.02,0.01
anti,1,1,0,1.00,0.02,0.01
disciplinado,1,1,0,1.00,0.02,0.01
habitual,0,2,2,inf,0.00,0.02
aromado,1,1,0,1.00,0.02,0.01
normal,0,2,2,inf,0.00,0.02
jugoso,0,2,2,inf,0.00,0.02
formado,0,2,2,inf,0.00,0.02
centroamericano,1,1,0,1.00,0.02,0.01
mero,0,2,2,inf,0.00,0.02
danzado,1,1,0,1.00,0.02,0.01
nocturna,1,1,0,1.00,0.02,0.01
bellísimo,1,1,0,1.00,0.02,0.01
verde,0,2,2,inf,0.00,0.02
cortesana,1,1,0,1.00,0.02,0.01
admirado,1,1,0,1.00,0.02,0.01
elaborado,0,2,2,inf,0.00,0.02
bulliciós,1,1,0,1.00,0.02,0.01
sublime,0,2,2,inf,0.00,0.02
azul,0,2,2,inf,0.00,0.02
informativo,0,2,2,inf,0.00,0.02
alado,1,1,0,1.00,0.02,0.01
parisiene,1,1,0,1.00,0.02,0.01
renacentista,1,1,0,1.00,0.02,0.01
ardiente,0,2,2,inf,0.00,0.02
checoslovaco,1,1,0,1.00,0.02,0.01
semisalvaje,1,1,0,1.00,0.02,0.01
cocido,1,1,0,1.00,0.02,0.01
político,0,2,2,inf,0.00,0.02
democrático,1,1,0,1.00,0.02,0.01
serena,0,2,2,inf,0.00,0.02
ariji,1,1,0,1.00,0.02,0.01
estelar,1,1,0,1.00,0.02,0.01
condimentado,1,1,0,1.00,0.02,0.01
ciego,0,2,2,inf,0.00,0.02
retozón,1,1,0,1.00,0.02,0.01
hibernal,1,1,0,1.00,0.02,0.01
vasto,0,2,2,inf,0.00,0.02
repetido,0,2,2,inf,0.00,0.02
verificado,0,2,2,inf,0.00,0.02
sabido,0,2,2,inf,0.00,0.02
convertido,1,1,0,1.00,0.02,0.01
astral,1,1,0,1.00,0.02,0.01
remunerado,0,2,2,inf,0.00,0.02
preeminente,0,2,2,inf,0.00,0.02
híspido,1,1,0,1.00,0.02,0.01
violinístico,1,1,0,1.00,0.02,0.01
restante,0,2,2,inf,0.00,0.02
tímido,0,2,2,inf,0.00,0.02
cultivado,0,2,2,inf,0.00,0.02
afortunado,0,2,2,inf,0.00,0.02
dominado,1,1,0,1.00,0.02,0.01
firmado,0,2,2,inf,0.00,0.02
tenue,1,1,0,1.00,0.02,0.01
irlandés,1,1,0,1.00,0.02,0.01
misditerráitta,1,1,0,1.00,0.02,0.01
violoncelístico,1,1,0,1.00,0.02,0.01
doméstico,0,2,2,inf,0.00,0.02
endemoniado,1,1,0,1.00,0.02,0.01
inspiradoro,0,2,2,inf,0.00,0.02
amante,0,2,2,inf,0.00,0.02
tradicionalista,1,1,0,1.00,0.02,0.01
libresco,1,1,0,1.00,0.02,0.01
platónica,1,1,0,1.00,0.02,0.01
elegido,1,1,0,1.00,0.02,0.01
flácido,1,1,0,1.00,0.02,0.01
trasplantado,1,1,0,1.00,0.02,0.01
dilatado,0,2,2,inf,0.00,0.02
imposible,0,2,2,inf,0.00,0.02
agradabilísimo,0,2,2,inf,0.00,0.02
trasparente,1,1,0,1.00,0.02,0.01
substanciós,0,2,2,inf,0.00,0.02
grandioso,0,2,2,inf,0.00,0.02
recibido,0,2,2,inf,0.00,0.02
silencioso,1,1,0,1.00,0.02,0.01
novísimo,1,1,0,1.00,0.02,0.01
insospechado,0,2,2,inf,0.00,0.02
wagneriana,1,1,0,1.00,0.02,0.01
digerido,1,1,0,1.00,0.02,0.01
infinito,1,1,0,1.00,0.02,0.01
ingrlés,1,1,0,1.00,0.02,0.01
apulid,1,1,0,1.00,0.02,0.01
eclesiástico,1,1,0,1.00,0.02,0.01
citado,0,2,2,inf,0.00,0.02
melancólico,1,1,0,1.00,0.02,0.01
gilson,1,1,0,1.00,0.02,0.01
nocturnal,1,1,0,1.00,0.02,0.01
egmont,1,1,0,1.00,0.02,0.01
intercambiable,1,1,0,1.00,0.02,0.01
improvisado,1,1,0,1.00,0.02,0.01
preocupado,0,2,2,inf,0.00,0.02
importado,1,1,0,1.00,0.02,0.01
obtenido,1,1,0,1.00,0.02,0.01
cualquiero,1,1,0,1.00,0.02,0.01
definitivo,0,2,2,inf,0.00,0.02
concierne,1,1,0,1.00,0.02,0.01
atraído,0,2,2,inf,0.00,0.02
idéntico,1,1,0,1.00,0.02,0.01
milenario,1,1,0,1.00,0.02,0.01
habido,1,1,0,1.00,0.02,0.01
hábil,0,2,2,inf,0.00,0.02
críptico,1,1,0,1.00,0.02,0.01
encarnado,0,2,2,inf,0.00,0.02
inédito,0,2,2,inf,0.00,0.02
caracterizado,0,2,2,inf,0.00,0.02
americanista,1,1,0,1.00,0.02,0.01
austriaco,1,1,0,1.00,0.02,0.01
madrileñista,1,1,0,1.00,0.02,0.01
rotundo,0,2,2,inf,0.00,0.02
antimarcial,1,1,0,1.00,0.02,0.01
estricto,0,2,2,inf,0.00,0.02
gratísima,1,1,0,1.00,0.02,0.01
abusado,0,2,2,inf,0.00,0.02
convencido,0,2,2,inf,0.00,0.02
eglogián,1,1,0,1.00,0.02,0.01
tratado,1,1,0,1.00,0.02,0.01
esquelético,1,1,0,1.00,0.02,0.01
eslavo,0,2,2,inf,0.00,0.02
faureán,1,1,0,1.00,0.02,0.01
viejecita,1,1,0,1.00,0.02,0.01
ignorado,1,1,0,1.00,0.02,0.01
envuelto,1,1,0,1.00,0.02,0.01
tico,1,1,0,1.00,0.02,0.01
escrupuloso,0,2,2,inf,0.00,0.02
brahmsián,1,1,0,1.00,0.02,0.01
originario,1,1,0,1.00,0.02,0.01
indispensable,0,2,2,inf,0.00,0.02
rebós,1,1,0,1.00,0.02,0.01
patrótico,1,1,0,1.00,0.02,0.01
florido,0,2,2,inf,0.00,0.02
retrasado,0,2,2,inf,0.00,0.02
adobado,1,0,-1,0.00,0.02,0.00
acertado,0,1,1,inf,0.00,0.01
generador,0,1,1,inf,0.00,0.01
gratuito,0,1,1,inf,0.00,0.01
monótono,0,1,1,inf,0.00,0.01
antitética,0,1,1,inf,0.00,0.01
conveniente,0,1,1,inf,0.00,0.01
evangélico,0,1,1,inf,0.00,0.01
emán,0,1,1,inf,0.00,0.01
sustantiva,0,1,1,inf,0.00,0.01
asociado,0,1,1,inf,0.00,0.01
encauzado,0,1,1,inf,0.00,0.01
vital,0,1,1,inf,0.00,0.01
furioso,0,1,1,inf,0.00,0.01
unificadoro,0,1,1,inf,0.00,0.01
encerrado,0,1,1,inf,0.00,0.01
comisario,0,1,1,inf,0.00,0.01
enfocado,0,1,1,inf,0.00,0.01
construído,0,1,1,inf,0.00,0.01
voroso,0,1,1,inf,0.00,0.01
seguro,0,1,1,inf,0.00,0.01
susceptiblemente,0,1,1,inf,0.00,0.01
lógico,0,1,1,inf,0.00,0.01
alivio,0,1,1,inf,0.00,0.01
despertado,0,1,1,inf,0.00,0.01
apartado,0,1,1,inf,0.00,0.01
apto,0,1,1,inf,0.00,0.01
arriesgado,0,1,1,inf,0.00,0.01
art,0,1,1,inf,0.00,0.01
enconado,0,1,1,inf,0.00,0.01
arrastrado,0,1,1,inf,0.00,0.01
ritual,1,0,-1,0.00,0.02,0.00
charm,1,0,-1,0.00,0.02,0.00
intoxicado,0,1,1,inf,0.00,0.01
apetitoso,0,1,1,inf,0.00,0.01
colindant,0,1,1,inf,0.00,0.01
hipnótico,0,1,1,inf,0.00,0.01
metafórica,0,1,1,inf,0.00,0.01
fémín,0,1,1,inf,0.00,0.01
estrangulado,0,1,1,inf,0.00,0.01
cortante,0,1,1,inf,0.00,0.01
hermano,0,1,1,inf,0.00,0.01
espléndoroso,0,1,1,inf,0.00,0.01
privativa,0,1,1,inf,0.00,0.01
reproducido,0,1,1,inf,0.00,0.01
constreñido,0,1,1,inf,0.00,0.01
cancanesco,0,1,1,inf,0.00,0.01
cromática,0,1,1,inf,0.00,0.01
inocente,0,1,1,inf,0.00,0.01
ideado,0,1,1,inf,0.00,0.01
complacido,0,1,1,inf,0.00,0.01
milagroso,0,1,1,inf,0.00,0.01
benéfico,0,1,1,inf,0.00,0.01
ultima,0,1,1,inf,0.00,0.01
invencible,0,1,1,inf,0.00,0.01
reflexivo,0,1,1,inf,0.00,0.01
sucinto,0,1,1,inf,0.00,0.01
musique,0,1,1,inf,0.00,0.01
impersonal,0,1,1,inf,0.00,0.01
empírico,0,1,1,inf,0.00,0.01
sorprendente,0,1,1,inf,0.00,0.01
obsesionante,0,1,1,inf,0.00,0.01
regente,0,1,1,inf,0.00,0.01
contento,0,1,1,inf,0.00,0.01
malogrado,0,1,1,inf,0.00,0.01
guardado,0,1,1,inf,0.00,0.01
radioyent,0,1,1,inf,0.00,0.01
exclusivo,0,1,1,inf,0.00,0.01
honesto,1,0,-1,0.00,0.02,0.00
cursi,0,1,1,inf,0.00,0.01
franco,0,1,1,inf,0.00,0.01
arábigo,0,1,1,inf,0.00,0.01
renombrado,0,1,1,inf,0.00,0.01
lastimoso,0,1,1,inf,0.00,0.01
deleznable,0,1,1,inf,0.00,0.01
desilustrado,0,1,1,inf,0.00,0.01
viajero,0,1,1,inf,0.00,0.01
ingenioso,0,1,1,inf,0.00,0.01
afirmado,0,1,1,inf,0.00,0.01
indiscutido,0,1,1,inf,0.00,0.01
quieto,0,1,1,inf,0.00,0.01
ardorós,0,1,1,inf,0.00,0.01
tormentosamente,0,1,1,inf,0.00,0.01
indefinable,0,1,1,inf,0.00,0.01
distintivo,0,1,1,inf,0.00,0.01
inestimabl,0,1,1,inf,0.00,0.01
fumado,1,0,-1,0.00,0.02,0.00
místico,0,1,1,inf,0.00,0.01
mansa,0,1,1,inf,0.00,0.01
originalísimo,0,1,1,inf,0.00,0.01
común,0,1,1,inf,0.00,0.01
liberal,0,1,1,inf,0.00,0.01
marino,0,1,1,inf,0.00,0.01
oscilante,0,1,1,inf,0.00,0.01
suntuoso,0,1,1,inf,0.00,0.01
sacrificado,0,1,1,inf,0.00,0.01
vecino,0,1,1,inf,0.00,0.01
corporativo,0,1,1,inf,0.00,0.01
divertido,0,1,1,inf,0.00,0.01
genuino,0,1,1,inf,0.00,0.01
maduro,0,1,1,inf,0.00,0.01
incapaz,0,1,1,inf,0.00,0.01
exento,0,1,1,inf,0.00,0.01
desordenado,0,1,1,inf,0.00,0.01
pintarrajeado,0,1,1,inf,0.00,0.01
gre,0,1,1,inf,0.00,0.01
israelito,0,1,1,inf,0.00,0.01
adem,0,1,1,inf,0.00,0.01
colocado,0,1,1,inf,0.00,0.01
abolengo,0,1,1,inf,0.00,0.01
suspirante,0,1,1,inf,0.00,0.01
matinal,0,1,1,inf,0.00,0.01
concretado,0,1,1,inf,0.00,0.01
vendido,0,1,1,inf,0.00,0.01
supeditado,0,1,1,inf,0.00,0.01
últimos,0,1,1,inf,0.00,0.01
cincelada,0,1,1,inf,0.00,0.01
sinuoso,0,1,1,inf,0.00,0.01
intermedio,0,1,1,inf,0.00,0.01
momentáneo,0,1,1,inf,0.00,0.01
plano,0,1,1,inf,0.00,0.01
educado,1,0,-1,0.00,0.02,0.00
rococó,0,1,1,inf,0.00,0.01
llevado,0,1,1,inf,0.00,0.01
perplejo,0,1,1,inf,0.00,0.01
preponderante,0,1,1,inf,0.00,0.01
mejicano,0,1,1,inf,0.00,0.01
raso,0,1,1,inf,0.00,0.01
dominical,0,1,1,inf,0.00,0.01
incontestable,0,1,1,inf,0.00,0.01
fervoroso,0,1,1,inf,0.00,0.01
relegado,0,1,1,inf,0.00,0.01
precedido,0,1,1,inf,0.00,0.01
coetáneo,0,1,1,inf,0.00,0.01
innumerable,0,1,1,inf,0.00,0.01
repleto,0,1,1,inf,0.00,0.01
fértil,0,1,1,inf,0.00,0.01
demostrado,0,1,1,inf,0.00,0.01
añado,0,1,1,inf,0.00,0.01
incisivo,0,1,1,inf,0.00,0.01
rudo,0,1,1,inf,0.00,0.01
fijado,0,1,1,inf,0.00,0.01
colorido,0,1,1,inf,0.00,0.01
experimentado,0,1,1,inf,0.00,0.01
zíngaro,0,1,1,inf,0.00,0.01
grandilocuente,0,1,1,inf,0.00,0.01
viciado,0,1,1,inf,0.00,0.01
marinero,0,1,1,inf,0.00,0.01
salvo,0,1,1,inf,0.00,0.01
preparado,0,1,1,inf,0.00,0.01
explicativa,0,1,1,inf,0.00,0.01
educativo,0,1,1,inf,0.00,0.01
caballero,0,1,1,inf,0.00,0.01
guitarristico,0,1,1,inf,0.00,0.01
entendido,0,1,1,inf,0.00,0.01
acreciente,0,1,1,inf,0.00,0.01
bullanguero,0,1,1,inf,0.00,0.01
alcanzado,0,1,1,inf,0.00,0.01
tórico,0,1,1,inf,0.00,0.01
chispeant,0,1,1,inf,0.00,0.01
sobrenatural,0,1,1,inf,0.00,0.01
disparatado,0,1,1,inf,0.00,0.01
lozán,0,1,1,inf,0.00,0.01
arregla,0,1,1,inf,0.00,0.01
presencial,0,1,1,inf,0.00,0.01
glosador,0,1,1,inf,0.00,0.01
radiado,0,1,1,inf,0.00,0.01
ensordinado,0,1,1,inf,0.00,0.01
discutido,1,0,-1,0.00,0.02,0.00
inolvidable,0,1,1,inf,0.00,0.01
fervient,0,1,1,inf,0.00,0.01
complejísimo,0,1,1,inf,0.00,0.01
mil,0,1,1,inf,0.00,0.01
parisino,0,1,1,inf,0.00,0.01
aquel,0,1,1,inf,0.00,0.01
venero,0,1,1,inf,0.00,0.01
insuficientemente,0,1,1,inf,0.00,0.01
inverso,0,1,1,inf,0.00,0.01
programas,0,1,1,inf,0.00,0.01
evidente,0,1,1,inf,0.00,0.01
condenatorio,0,1,1,inf,0.00,0.01
locativo,0,1,1,inf,0.00,0.01
dramatizado,0,1,1,inf,0.00,0.01
tomo,0,1,1,inf,0.00,0.01
franckista,0,1,1,inf,0.00,0.01
manifestado,0,1,1,inf,0.00,0.01
triunfal,0,1,1,inf,0.00,0.01
nuestra,0,1,1,inf,0.00,0.01
sordo,0,1,1,inf,0.00,0.01
sentimentalista,1,0,-1,0.00,0.02,0.00
clasicista,0,1,1,inf,0.00,0.01
aprendido,0,1,1,inf,0.00,0.01
dedicáronse,0,1,1,inf,0.00,0.01
intrigado,0,1,1,inf,0.00,0.01
avivo,0,1,1,inf,0.00,0.01
quimérico,0,1,1,inf,0.00,0.01
antitético,0,1,1,inf,0.00,0.01
ofrecido,0,1,1,inf,0.00,0.01
tectónica,0,1,1,inf,0.00,0.01
sustancioso,0,1,1,inf,0.00,0.01
rutilante,0,1,1,inf,0.00,0.01
gótico,0,1,1,inf,0.00,0.01
embriagó,0,1,1,inf,0.00,0.01
autobiográfico,0,1,1,inf,0.00,0.01
dilatada,0,1,1,inf,0.00,0.01
horizontalisto,0,1,1,inf,0.00,0.01
alentadora,0,1,1,inf,0.00,0.01
regresivo,0,1,1,inf,0.00,0.01
limitado,0,1,1,inf,0.00,0.01
tentado,0,1,1,inf,0.00,0.01
chante,0,1,1,inf,0.00,0.01
esclavo,0,1,1,inf,0.00,0.01
solidario,0,1,1,inf,0.00,0.01
demá,0,1,1,inf,0.00,0.01
docente,0,1,1,inf,0.00,0.01
legítimo,0,1,1,inf,0.00,0.01
agudo,0,1,1,inf,0.00,0.01
inmortal,0,1,1,inf,0.00,0.01
autor,0,1,1,inf,0.00,0.01
preferente,0,1,1,inf,0.00,0.01
costumbr,0,1,1,inf,0.00,0.01
colorinesca,0,1,1,inf,0.00,0.01
tocante,0,1,1,inf,0.00,0.01
rápido,0,1,1,inf,0.00,0.01
ennegrecido,0,1,1,inf,0.00,0.01
irresistible,0,1,1,inf,0.00,0.01
aportabl,0,1,1,inf,0.00,0.01
posado,0,1,1,inf,0.00,0.01
consecuente,0,1,1,inf,0.00,0.01
perverso,0,1,1,inf,0.00,0.01
enloquecido,0,1,1,inf,0.00,0.01
inapreciable,0,1,1,inf,0.00,0.01
incansable,0,1,1,inf,0.00,0.01
albahaca,0,1,1,inf,0.00,0.01
geométrico,0,1,1,inf,0.00,0.01
contrastado,0,1,1,inf,0.00,0.01
virtuoso,0,1,1,inf,0.00,0.01
temeroso,0,1,1,inf,0.00,0.01
refractario,0,1,1,inf,0.00,0.01
innecesario,0,1,1,inf,0.00,0.01
morbós,0,1,1,inf,0.00,0.01
frenético,0,1,1,inf,0.00,0.01
estupefaciente,0,1,1,inf,0.00,0.01
magistral,0,1,1,inf,0.00,0.01
sucesivo,0,1,1,inf,0.00,0.01
oscurecido,1,0,-1,0.00,0.02,0.00
dependiente,0,1,1,inf,0.00,0.01
todopoderoso,0,1,1,inf,0.00,0.01
ordenado,0,1,1,inf,0.00,0.01
prolijo,0,1,1,inf,0.00,0.01
popularísimo,0,1,1,inf,0.00,0.01
visible,0,1,1,inf,0.00,0.01
acústico,0,1,1,inf,0.00,0.01
desarrollado,0,1,1,inf,0.00,0.01
estimulador,0,1,1,inf,0.00,0.01
escolar,0,1,1,inf,0.00,0.01
fortuito,0,1,1,inf,0.00,0.01
moderna,0,1,1,inf,0.00,0.01
estrecho,0,1,1,inf,0.00,0.01
bolchevista,0,1,1,inf,0.00,0.01
próspero,0,1,1,inf,0.00,0.01
apreciable,0,1,1,inf,0.00,0.01
mensurado,0,1,1,inf,0.00,0.01
habilísimo,0,1,1,inf,0.00,0.01
volátil,0,1,1,inf,0.00,0.01
acordado,0,1,1,inf,0.00,0.01
taladrante,0,1,1,inf,0.00,0.01
todavio,0,1,1,inf,0.00,0.01
equivocado,0,1,1,inf,0.00,0.01
áspero,0,1,1,inf,0.00,0.01
bonísima,0,1,1,inf,0.00,0.01
miniado,0,1,1,inf,0.00,0.01
influenciado,0,1,1,inf,0.00,0.01
deshumanizado,0,1,1,inf,0.00,0.01
valiosísima,0,1,1,inf,0.00,0.01
salido,0,1,1,inf,0.00,0.01
contrapuntalmente,0,1,1,inf,0.00,0.01
partiquino,0,1,1,inf,0.00,0.01
emocionalista,0,1,1,inf,0.00,0.01
prologa,0,1,1,inf,0.00,0.01
cumplido,0,1,1,inf,0.00,0.01
concernient,0,1,1,inf,0.00,0.01
lizado,0,1,1,inf,0.00,0.01
persistente,0,1,1,inf,0.00,0.01
primaveral,0,1,1,inf,0.00,0.01
lada,0,1,1,inf,0.00,0.01
quebrado,0,1,1,inf,0.00,0.01
caballeresco,0,1,1,inf,0.00,0.01
confeccionado,0,1,1,inf,0.00,0.01
asimilable,0,1,1,inf,0.00,0.01
mino,0,1,1,inf,0.00,0.01
respaldado,0,1,1,inf,0.00,0.01
traído,0,1,1,inf,0.00,0.01
pujante,0,1,1,inf,0.00,0.01
fáustico,0,1,1,inf,0.00,0.01
temple,0,1,1,inf,0.00,0.01
exaltado,0,1,1,inf,0.00,0.01
vastos,0,1,1,inf,0.00,0.01
trazarl,0,1,1,inf,0.00,0.01
dulzuro,0,1,1,inf,0.00,0.01
casticista,0,1,1,inf,0.00,0.01
corto,0,1,1,inf,0.00,0.01
patente,0,1,1,inf,0.00,0.01
pernicioso,0,1,1,inf,0.00,0.01
inflamar,0,1,1,inf,0.00,0.01
proletario,0,1,1,inf,0.00,0.01
consiguiente,0,1,1,inf,0.00,0.01
industrial,0,1,1,inf,0.00,0.01
terso,0,1,1,inf,0.00,0.01
electrónico,0,1,1,inf,0.00,0.01
deslumbradoro,0,1,1,inf,0.00,0.01
apuntada,0,1,1,inf,0.00,0.01
danzabl,0,1,1,inf,0.00,0.01
afín,0,1,1,inf,0.00,0.01
raveliana,0,1,1,inf,0.00,0.01
prohibido,0,1,1,inf,0.00,0.01
ingente,0,1,1,inf,0.00,0.01
maleable,0,1,1,inf,0.00,0.01
primorosa,0,1,1,inf,0.00,0.01
juntamente,0,1,1,inf,0.00,0.01
plácido,0,1,1,inf,0.00,0.01
mustio,0,1,1,inf,0.00,0.01
bobo,0,1,1,inf,0.00,0.01
aislado,0,1,1,inf,0.00,0.01
inquietadora,0,1,1,inf,0.00,0.01
desfallecido,0,1,1,inf,0.00,0.01
descifra,0,1,1,inf,0.00,0.01
óptico,0,1,1,inf,0.00,0.01
pequeñito,1,0,-1,0.00,0.02,0.00
recogimiento,0,1,1,inf,0.00,0.01
novel,0,1,1,inf,0.00,0.01
chinchín,0,1,1,inf,0.00,0.01
europeizado,0,1,1,inf,0.00,0.01
independiente,0,1,1,inf,0.00,0.01
cortado,0,1,1,inf,0.00,0.01
popularísima,0,1,1,inf,0.00,0.01
desconcertado,1,0,-1,0.00,0.02,0.00
espantoso,0,1,1,inf,0.00,0.01
bilbaíno,0,1,1,inf,0.00,0.01
regular,0,1,1,inf,0.00,0.01
unilateral,0,1,1,inf,0.00,0.01
rodeado,0,1,1,inf,0.00,0.01
schubertián,0,1,1,inf,0.00,0.01
antediluvián,0,1,1,inf,0.00,0.01
genuina,0,1,1,inf,0.00,0.01
inconcreto,0,1,1,inf,0.00,0.01
éso,0,1,1,inf,0.00,0.01
afinado,0,1,1,inf,0.00,0.01
singularísimo,0,1,1,inf,0.00,0.01
disolvent,0,1,1,inf,0.00,0.01
prodigioso,0,1,1,inf,0.00,0.01
cumbr,0,1,1,inf,0.00,0.01
idóneo,0,1,1,inf,0.00,0.01
retirado,1,0,-1,0.00,0.02,0.00
enviado,1,0,-1,0.00,0.02,0.00
pesado,0,1,1,inf,0.00,0.01
ofendido,0,1,1,inf,0.00,0.01
interesado,0,1,1,inf,0.00,0.01
triste,0,1,1,inf,0.00,0.01
desbordante,0,1,1,inf,0.00,0.01
eso,0,1,1,inf,0.00,0.01
wagneriano,0,1,1,inf,0.00,0.01
soñado,0,1,1,inf,0.00,0.01
sacudido,0,1,1,inf,0.00,0.01
dramaturgio,0,1,1,inf,0.00,0.01
radiotelefónico,0,1,1,inf,0.00,0.01
incandescent,0,1,1,inf,0.00,0.01
informado,0,1,1,inf,0.00,0.01
previo,0,1,1,inf,0.00,0.01
analítico,0,1,1,inf,0.00,0.01
lento,0,1,1,inf,0.00,0.01
castigado,0,1,1,inf,0.00,0.01
prefijado,0,1,1,inf,0.00,0.01
arbitrario,0,1,1,inf,0.00,0.01
goyesca,0,1,1,inf,0.00,0.01
compatible,0,1,1,inf,0.00,0.01
subversivo,0,1,1,inf,0.00,0.01
jaranera,0,1,1,inf,0.00,0.01
inveterado,0,1,1,inf,0.00,0.01
chulo,1,0,-1,0.00,0.02,0.00
exigente,0,1,1,inf,0.00,0.01
pretencioso,0,1,1,inf,0.00,0.01
aparat,0,1,1,inf,0.00,0.01
modernísimo,0,1,1,inf,0.00,0.01
pantagruélico,0,1,1,inf,0.00,0.01
apoyado,0,1,1,inf,0.00,0.01
mala,0,1,1,inf,0.00,0.01
alejado,0,1,1,inf,0.00,0.01
candente,0,1,1,inf,0.00,0.01
torregrosa,0,1,1,inf,0.00,0.01
riguroso,0,1,1,inf,0.00,0.01
cionado,0,1,1,inf,0.00,0.01
buscado,0,1,1,inf,0.00,0.01
metafórico,0,1,1,inf,0.00,0.01
sugestionado,0,1,1,inf,0.00,0.01
fehaciente,0,1,1,inf,0.00,0.01
centralizado,0,1,1,inf,0.00,0.01
favorecido,0,1,1,inf,0.00,0.01
modelado,0,1,1,inf,0.00,0.01
cuidadoso,0,1,1,inf,0.00,0.01
alucinado,0,1,1,inf,0.00,0.01
ardoroso,0,1,1,inf,0.00,0.01
canalla,0,1,1,inf,0.00,0.01
importantísimo,0,1,1,inf,0.00,0.01
fenomenal,0,1,1,inf,0.00,0.01
pictórico,0,1,1,inf,0.00,0.01
subordinado,0,1,1,inf,0.00,0.01
amigo,0,1,1,inf,0.00,0.01
onomatopéyico,0,1,1,inf,0.00,0.01
cerebralisto,0,1,1,inf,0.00,0.01
orquestado,0,1,1,inf,0.00,0.01
despiadado,0,1,1,inf,0.00,0.01
psicológico,0,1,1,inf,0.00,0.01
gozoso,0,1,1,inf,0.00,0.01
beethoveniano,0,1,1,inf,0.00,0.01
idiomático,0,1,1,inf,0.00,0.01
confidencial,0,1,1,inf,0.00,0.01
precario,0,1,1,inf,0.00,0.01
ahincado,0,1,1,inf,0.00,0.01
chillón,0,1,1,inf,0.00,0.01
purísimo,0,1,1,inf,0.00,0.01
inspirativo,0,1,1,inf,0.00,0.01
inclinado,0,1,1,inf,0.00,0.01
muchísimo,0,1,1,inf,0.00,0.01
folclórico,0,1,1,inf,0.00,0.01
obrero,0,1,1,inf,0.00,0.01
comprensible,0,1,1,inf,0.00,0.01
conciso,0,1,1,inf,0.00,0.01
yámbico,0,1,1,inf,0.00,0.01
consolido,0,1,1,inf,0.00,0.01
solapado,0,1,1,inf,0.00,0.01
aparente,0,1,1,inf,0.00,0.01
populachero,0,1,1,inf,0.00,0.01
prímproso,0,1,1,inf,0.00,0.01
alquitarado,1,0,-1,0.00,0.02,0.00
dichoso,0,1,1,inf,0.00,0.01
simultáneo,0,1,1,inf,0.00,0.01
solicitado,0,1,1,inf,0.00,0.01
incesante,0,1,1,inf,0.00,0.01
agregado,0,1,1,inf,0.00,0.01
optimiista,0,1,1,inf,0.00,0.01
musicalista,0,1,1,inf,0.00,0.01
primorós,1,0,-1,0.00,0.02,0.00
sujeto,0,1,1,inf,0.00,0.01
alguno,0,1,1,inf,0.00,0.01
insuperado,0,1,1,inf,0.00,0.01
monódico,1,0,-1,0.00,0.02,0.00
moscovito,0,1,1,inf,0.00,0.01
fulgent,0,1,1,inf,0.00,0.01
bilificado,0,1,1,inf,0.00,0.01
humillado,0,1,1,inf,0.00,0.01
culminante,0,1,1,inf,0.00,0.01
ruperto,0,1,1,inf,0.00,0.01
inclusive,0,1,1,inf,0.00,0.01
inaudito,0,1,1,inf,0.00,0.01
envidiable,0,1,1,inf,0.00,0.01
constructivo,0,1,1,inf,0.00,0.01
aquilatado,0,1,1,inf,0.00,0.01
universitario,0,1,1,inf,0.00,0.01
sideral,0,1,1,inf,0.00,0.01
científico,0,1,1,inf,0.00,0.01
progresista,0,1,1,inf,0.00,0.01
serén,0,1,1,inf,0.00,0.01
servido,0,1,1,inf,0.00,0.01
sinfonista,0,1,1,inf,0.00,0.01
espinoso,0,1,1,inf,0.00,0.01
vizcaíno,0,1,1,inf,0.00,0.01
plausible,0,1,1,inf,0.00,0.01
integrante,0,1,1,inf,0.00,0.01
cardíaco,0,1,1,inf,0.00,0.01
aparecido,0,1,1,inf,0.00,0.01
privativo,0,1,1,inf,0.00,0.01
inflamado,0,1,1,inf,0.00,0.01
bolcheviqu,0,1,1,inf,0.00,0.01
aleccionarme,0,1,1,inf,0.00,0.01
arcaico,0,1,1,inf,0.00,0.01
interesantísimo,0,1,1,inf,0.00,0.01
inconfundible,0,1,1,inf,0.00,0.01
trillado,0,1,1,inf,0.00,0.01
zapateado,0,1,1,inf,0.00,0.01
giocoso,0,1,1,inf,0.00,0.01
gimenez,0,1,1,inf,0.00,0.01
indigno,0,1,1,inf,0.00,0.01
hispanoamericano,0,1,1,inf,0.00,0.01
desagradecido,0,1,1,inf,0.00,0.01
música,0,1,1,inf,0.00,0.01
despectivo,0,1,1,inf,0.00,0.01
estofo,0,1,1,inf,0.00,0.01
aludido,0,1,1,inf,0.00,0.01
amanerado,0,1,1,inf,0.00,0.01
démico,0,1,1,inf,0.00,0.01
inadvertido,0,1,1,inf,0.00,0.01
adorable,0,1,1,inf,0.00,0.01
ambicioso,0,1,1,inf,0.00,0.01
efusivo,0,1,1,inf,0.00,0.01
mejicán,0,1,1,inf,0.00,0.01
tonadillesco,0,1,1,inf,0.00,0.01
lún,0,1,1,inf,0.00,0.01
mozartiano,0,1,1,inf,0.00,0.01
piffer,0,1,1,inf,0.00,0.01
declarado,0,1,1,inf,0.00,0.01
bibliográfico,0,1,1,inf,0.00,0.01
autorizado,0,1,1,inf,0.00,0.01
implícita,0,1,1,inf,0.00,0.01
íugar,0,1,1,inf,0.00,0.01
enardecido,0,1,1,inf,0.00,0.01
apremiante,0,1,1,inf,0.00,0.01
majestuoso,0,1,1,inf,0.00,0.01
men,0,1,1,inf,0.00,0.01
borracho,0,1,1,inf,0.00,0.01
mercantil,0,1,1,inf,0.00,0.01
desollado,0,1,1,inf,0.00,0.01
victorián,0,1,1,inf,0.00,0.01
avezado,0,1,1,inf,0.00,0.01
adivino,0,1,1,inf,0.00,0.01
inicial,0,1,1,inf,0.00,0.01
aclimatarla,0,1,1,inf,0.00,0.01
explotado,0,1,1,inf,0.00,0.01
diplomática,0,1,1,inf,0.00,0.01
inculto,0,1,1,inf,0.00,0.01
atónito,0,1,1,inf,0.00,0.01
deudo,0,1,1,inf,0.00,0.01
incontrovertible,0,1,1,inf,0.00,0.01
sustancial,0,1,1,inf,0.00,0.01
directivo,0,1,1,inf,0.00,0.01
genérico,0,1,1,inf,0.00,0.01
hawaiana,0,1,1,inf,0.00,0.01
podido,0,1,1,inf,0.00,0.01
pronunciado,0,1,1,inf,0.00,0.01
endulzo,0,1,1,inf,0.00,0.01
velado,0,1,1,inf,0.00,0.01
condenado,0,1,1,inf,0.00,0.01
lomo,0,1,1,inf,0.00,0.01
pirenaico,0,1,1,inf,0.00,0.01
seccional,1,0,-1,0.00,0.02,0.00
disgustado,0,1,1,inf,0.00,0.01
marques,0,1,1,inf,0.00,0.01
barnizado,0,1,1,inf,0.00,0.01
auditivo,0,1,1,inf,0.00,0.01
extrahumán,0,1,1,inf,0.00,0.01
genuín,0,1,1,inf,0.00,0.01
afamada,0,1,1,inf,0.00,0.01
privilegiado,0,1,1,inf,0.00,0.01
sobresalto,0,1,1,inf,0.00,0.01
difundido,0,1,1,inf,0.00,0.01
innovadoro,0,1,1,inf,0.00,0.01
soberano,0,1,1,inf,0.00,0.01
calificado,0,1,1,inf,0.00,0.01
romanesca,0,1,1,inf,0.00,0.01
riquísimo,0,1,1,inf,0.00,0.01
estático,0,1,1,inf,0.00,0.01
sobria,0,1,1,inf,0.00,0.01
asombrado,0,1,1,inf,0.00,0.01
editora,0,1,1,inf,0.00,0.01
efectivo,0,1,1,inf,0.00,0.01
rio,0,1,1,inf,0.00,0.01
centellador,0,1,1,inf,0.00,0.01
conmovedor,0,1,1,inf,0.00,0.01
instalado,0,1,1,inf,0.00,0.01
eventual,0,1,1,inf,0.00,0.01
favorito,0,1,1,inf,0.00,0.01
deplorable,0,1,1,inf,0.00,0.01
inmediato,0,1,1,inf,0.00,0.01
rara,0,1,1,inf,0.00,0.01
recíproco,0,1,1,inf,0.00,0.01
agrado,0,1,1,inf,0.00,0.01
imaginativa,0,1,1,inf,0.00,0.01
concerniente,0,1,1,inf,0.00,0.01
recordado,0,1,1,inf,0.00,0.01
fatigoso,0,1,1,inf,0.00,0.01
chapi,0,1,1,inf,0.00,0.01
étnico,0,1,1,inf,0.00,0.01
lenitivo,0,1,1,inf,0.00,0.01
perito,0,1,1,inf,0.00,0.01
aprovechable,0,1,1,inf,0.00,0.01
shakesperiana,0,1,1,inf,0.00,0.01
hechuro,0,1,1,inf,0.00,0.01
festivo,0,1,1,inf,0.00,0.01
melódico,0,1,1,inf,0.00,0.01
abierto,0,1,1,inf,0.00,0.01
atrevido,0,1,1,inf,0.00,0.01
inquietante,0,1,1,inf,0.00,0.01
emisor,0,1,1,inf,0.00,0.01
leal,0,1,1,inf,0.00,0.01
fugitivo,0,1,1,inf,0.00,0.01
bucólico,0,1,1,inf,0.00,0.01
aplastado,1,0,-1,0.00,0.02,0.00
admirador,0,1,1,inf,0.00,0.01
devoto,0,1,1,inf,0.00,0.01
melódica,0,1,1,inf,0.00,0.01
impresionante,0,1,1,inf,0.00,0.01
convocado,0,1,1,inf,0.00,0.01
invitado,0,1,1,inf,0.00,0.01
inimitable,0,1,1,inf,0.00,0.01
nova,0,1,1,inf,0.00,0.01
heitere,1,0,-1,0.00,0.02,0.00
emocionante,0,1,1,inf,0.00,0.01
coreográfico,0,1,1,inf,0.00,0.01
especialísimo,0,1,1,inf,0.00,0.01
inalienabl,0,1,1,inf,0.00,0.01
brillantísimo,0,1,1,inf,0.00,0.01
revestido,0,1,1,inf,0.00,0.01
tumultuós,0,1,1,inf,0.00,0.01
intitulado,0,1,1,inf,0.00,0.01
extraviado,0,1,1,inf,0.00,0.01
hallado,0,1,1,inf,0.00,0.01
tropical,0,1,1,inf,0.00,0.01
abarrotado,0,1,1,inf,0.00,0.01
ascendente,0,1,1,inf,0.00,0.01
enamorado,0,1,1,inf,0.00,0.01
comentado,0,1,1,inf,0.00,0.01
indudable,0,1,1,inf,0.00,0.01
adjetivo,0,1,1,inf,0.00,0.01
amatorio,0,1,1,inf,0.00,0.01
tético,0,1,1,inf,0.00,0.01
époco,0,1,1,inf,0.00,0.01
honorable,0,1,1,inf,0.00,0.01
consista,1,0,-1,0.00,0.02,0.00
picaresco,0,1,1,inf,0.00,0.01
duro,0,1,1,inf,0.00,0.01
delirante,0,1,1,inf,0.00,0.01
tenaz,0,1,1,inf,0.00,0.01
afirmativo,0,1,1,inf,0.00,0.01
suministrado,0,1,1,inf,0.00,0.01
indiferente,0,1,1,inf,0.00,0.01
vasta,0,1,1,inf,0.00,0.01
danés,0,1,1,inf,0.00,0.01
diluido,0,1,1,inf,0.00,0.01
armonizado,0,1,1,inf,0.00,0.01
imborrable,0,1,1,inf,0.00,0.01
nómado,0,1,1,inf,0.00,0.01
sobrado,0,1,1,inf,0.00,0.01
vivaz,0,1,1,inf,0.00,0.01
gananciós,0,1,1,inf,0.00,0.01
emocional,0,1,1,inf,0.00,0.01
celebérrimo,0,1,1,inf,0.00,0.01
fatuo,0,1,1,inf,0.00,0.01
premeditado,0,1,1,inf,0.00,0.01
apetecibl,0,1,1,inf,0.00,0.01
inquieto,0,1,1,inf,0.00,0.01
adecuado,0,1,1,inf,0.00,0.01
abstracta,0,1,1,inf,0.00,0.01
hondaimento,0,1,1,inf,0.00,0.01
recogido,0,1,1,inf,0.00,0.01
peligroso,0,1,1,inf,0.00,0.01
guridi,0,1,1,inf,0.00,0.01
artificial,0,1,1,inf,0.00,0.01
cultural,0,1,1,inf,0.00,0.01
concurrent,0,1,1,inf,0.00,0.01
animalillo,0,1,1,inf,0.00,0.01
sazonado,0,1,1,inf,0.00,0.01
cronometrizado,0,1,1,inf,0.00,0.01
bonito,0,1,1,inf,0.00,0.01
desenfocado,0,1,1,inf,0.00,0.01
conquista,0,1,1,inf,0.00,0.01
criolla,0,1,1,inf,0.00,0.01
jolgorio,0,1,1,inf,0.00,0.01
instructiva,0,1,1,inf,0.00,0.01
consecutivo,0,1,1,inf,0.00,0.01
definido,0,1,1,inf,0.00,0.01
rehecho,0,1,1,inf,0.00,0.01
correcto,0,1,1,inf,0.00,0.01
respetuoso,0,1,1,inf,0.00,0.01
coruñés,0,1,1,inf,0.00,0.01
equilibrado,0,1,1,inf,0.00,0.01
fastidioso,0,1,1,inf,0.00,0.01
mental,0,1,1,inf,0.00,0.01
progresivo,0,1,1,inf,0.00,0.01
laureado,0,1,1,inf,0.00,0.01
fiel,0,1,1,inf,0.00,0.01
bulevardero,0,1,1,inf,0.00,0.01
bellísima,0,1,1,inf,0.00,0.01
espiritualista,0,1,1,inf,0.00,0.01
empeñado,0,1,1,inf,0.00,0.01
gramatical,0,1,1,inf,0.00,0.01
aéreo,0,1,1,inf,0.00,0.01
meritorio,0,1,1,inf,0.00,0.01
señalada,0,1,1,inf,0.00,0.01
documentado,0,1,1,inf,0.00,0.01
secundario,0,1,1,inf,0.00,0.01
giménez,0,1,1,inf,0.00,0.01
indecible,0,1,1,inf,0.00,0.01
oriento,0,1,1,inf,0.00,0.01
eterno,0,1,1,inf,0.00,0.01
repentino,0,1,1,inf,0.00,0.01
excelso,0,1,1,inf,0.00,0.01
predilecto,0,1,1,inf,0.00,0.01
presagiado,0,1,1,inf,0.00,0.01
múltiple,0,1,1,inf,0.00,0.01
unánime,0,1,1,inf,0.00,0.01
prístino,0,1,1,inf,0.00,0.01
lacrimoso,0,1,1,inf,0.00,0.01
latiese,0,1,1,inf,0.00,0.01
octavo,0,1,1,inf,0.00,0.01
radiante,0,1,1,inf,0.00,0.01
facilísimo,0,1,1,inf,0.00,0.01
terrible,0,1,1,inf,0.00,0.01
pianística,0,1,1,inf,0.00,0.01
